"id_caixa";"tipo_caixa";"titulo";"valor";"id_colaborador";"idcliente";"data_caixa"
"3";"ABERTURA CAIXA";;"0.00";"1";"0";"2018-06-16 00:00:00"
"4";"DIN";"47E71EA";"170.00 ";"4";"0";"2018-06-16 00:00:00"
"5";"CRE";"47E71EA";"0";"4";"0";"2018-06-16 00:00:00"
"6";"CRD";"57FB223";"49.9";"4";"0";"2018-06-16 00:00:00"
"7";"CRD";"4F03AA7";"79.9";"4";"0";"2018-06-16 00:00:00"
"8";"CRD";"D7DA63E";"39.9";"4";"0";"2018-06-16 00:00:00"
"9";"DIN";"BEEB02E";"129.8";"4";"0";"2018-06-16 00:00:00"
"10";"CRD";"75EF432";"29.9";"3";"0";"2018-06-16 00:00:00"
"11";"DIN";"1DA4BED";"51.00";"3";"0";"2018-06-16 00:00:00"
"12";"CRD";"1DA4BED";"91.9";"3";"0";"2018-06-16 00:00:00"
"13";"ABERTURA CAIXA";;"17.00";"4";"0";"2018-06-18 00:00:00"
"14";"CRD";"70B202B";"419.5";"3";"0";"2018-06-18 00:00:00"
"15";"CRD";"6096BE5";"129.7";"3";"0";"2018-06-18 00:00:00"
"16";"ABERTURA CAIXA";;;"3";"0";"2018-06-19 00:00:00"
"17";"EXTORNO";"15109B1";"189.9";"3";"0";"2018-06-19 00:00:00"
"18";"CRD";"E2E9F79";"189.9";"3";"0";"2018-06-19 00:00:00"
"19";"EXTORNO";"21F58A6";"139.8";"3";"0";"2018-06-19 00:00:00"
"20";"CRD";"6A2C0D6";"189.7";"3";"0";"2018-06-19 00:00:00"
"21";"ABERTURA CAIXA";;"0.00";"4";"0";"2018-06-20 00:00:00"
"22";"CRD";"58AA2EA";"329.7";"4";"0";"2018-06-20 00:00:00"
"23";"ABERTURA CAIXA";;"0.00";"4";"0";"2018-06-21 00:00:00"
"24";"CRD";"B2A03B2";"140";"4";"0";"2018-06-21 00:00:00"
"25";"DEB";"51B6A84";"109.8";"4";"0";"2018-06-21 00:00:00"
"26";"CRD";"D2B0E10";"139.8";"4";"0";"2018-06-21 00:00:00"
"27";"CRD";"C73BFBB";"59.8";"3";"0";"2018-06-21 00:00:00"
"28";"ABERTURA CAIXA";;"0.00";"3";"0";"2018-06-22 00:00:00"
"29";"CRD";"55BAF27";"279.6";"3";"0";"2018-06-22 00:00:00"
"30";"CRD";"2CDF2D9";"418.5";"3";"0";"2018-06-22 00:00:00"
"31";"CRD";"1611A1D";"129.7";"3";"0";"2018-06-22 00:00:00"
"32";"DIN";"4900BD4";"411.1";"3";"0";"2018-06-22 00:00:00"
"33";"CRD";"94F9843";"239.8";"4";"0";"2018-06-22 00:00:00"
"34";"CRD";"59E91D1";"124.8";"4";"0";"2018-06-22 00:00:00"
"35";"CRD";"87F037B";"142.8";"4";"0";"2018-06-22 00:00:00"
"36";"CRD";"66D2DB5";"149.8";"4";"0";"2018-06-22 00:00:00"
"37";"ABERTURA CAIXA";;"0.00";"3";"0";"2018-06-23 00:00:00"
"38";"DEB";"B21C5E5";"244.6";"3";"0";"2018-06-23 00:00:00"
"39";"CRD";"14667E3";"68";"3";"0";"2018-06-23 00:00:00"
"40";"CRD";"924D85B";"188.7";"3";"0";"2018-06-23 00:00:00"
"41";"CRD";"1FD157B";"69.9";"3";"0";"2018-06-23 00:00:00"
"42";"CRD";"EC51F0B";"49.9";"3";"0";"2018-06-23 00:00:00"
"43";"CRD";"2103984";"0";"3";"0";"2018-06-23 00:00:00"
"44";"DIN";"2DDEE2E";"39.9";"3";"0";"2018-06-23 00:00:00"
"45";"DIN";"9B4285E";"89.90 ";"3";"0";"2018-06-23 00:00:00"
"46";"CRE";"9B4285E";"0";"3";"0";"2018-06-23 00:00:00"
"47";"DIN";"AA4A916";"159.80";"3";"0";"2018-06-23 00:00:00"
"48";"CRE";"AA4A916";"0";"3";"0";"2018-06-23 00:00:00"
"49";"CRD";"6E9F0D7";"39.9";"3";"0";"2018-06-23 00:00:00"
"50";"CRD";"C099AB0";"39.9";"3";"0";"2018-06-23 00:00:00"
"51";"DIN";"444235D";"49.9";"4";"0";"2018-06-23 00:00:00"
"52";"CRD";"9B0764B";"145.8";"4";"0";"2018-06-23 00:00:00"
"53";"CRD";"984A29E";"294.4";"4";"0";"2018-06-23 00:00:00"
"54";"CRD";"DD546D3";"132.8";"4";"0";"2018-06-23 00:00:00"
"55";"CRD";"AC748AB";"409.6";"4";"0";"2018-06-23 00:00:00"
"56";"CRD";"33C0218";"100";"4";"0";"2018-06-23 00:00:00"
"57";"ABERTURA CAIXA";;"0.00";"3";"0";"2018-06-24 00:00:00"
"58";"CRD";"9C6C84F";"199.5";"3";"0";"2018-06-24 00:00:00"
"59";"CRD";"0DE43E5";"359.7";"3";"0";"2018-06-24 00:00:00"
"60";"ABERTURA CAIXA";;"0.00";"4";"0";"2018-06-25 00:00:00"
"61";"CRD";"EBB779E";"29.9";"4";"0";"2018-06-25 00:00:00"
"62";"CRD";"4677295";"29.9";"4";"0";"2018-06-25 00:00:00"
"63";"CRD";"FA64D0E";"29.9";"4";"0";"2018-06-25 00:00:00"
"64";"CRD";"8636864";"39.9";"4";"0";"2018-06-25 00:00:00"
"65";"CRD";"06C644A";"54.9";"4";"0";"2018-06-25 00:00:00"
"66";"ABERTURA CAIXA";;"0.00";"4";"0";"2018-06-26 00:00:00"
"67";"CRD";"8957155";"349.6";"4";"0";"2018-06-26 00:00:00"
"68";"CRD";"182CD43";"39.9";"4";"0";"2018-06-26 00:00:00"
"69";"CRD";"2043676";"159.9";"4";"0";"2018-06-26 00:00:00"
"70";"DIN";"67523FF";"50";"4";"0";"2018-06-26 00:00:00"
"71";"ABERTURA CAIXA";;"0.00";"4";"0";"2018-06-27 00:00:00"
"72";"CRD";"787899D";"564.5";"3";"0";"2018-06-27 00:00:00"
"73";"ABERTURA CAIXA";;"0.00";"4";"0";"2018-06-28 00:00:00"
"74";"CRD";"4B57EFB";"39.9";"3";"0";"2018-06-28 00:00:00"
"75";"CRD";"737B30E";"229.7";"3";"0";"2018-06-28 00:00:00"
"76";"EXTORNO";"9C6C84F";"199.5";"3";"0";"2018-06-28 00:00:00"
"77";"EXTORNO";"0DE43E5";"359.7";"3";"0";"2018-06-28 00:00:00"
"78";"CRD";"9E2F928";"139.8";"3";"0";"2018-06-28 00:00:00"
"79";"CRD";"FF40A96";"99.8";"3";"0";"2018-06-28 00:00:00"
"80";"CRD";"F86BAAA";"409.5";"3";"0";"2018-06-28 00:00:00"
"81";"DEB";"F9DCCDE";"394.5";"3";"0";"2018-06-28 00:00:00"
"82";"CRD";"869D4C6";"69.9";"3";"0";"2018-06-28 00:00:00"
"83";"CRD";"7E3B647";"149.7";"3";"0";"2018-06-28 00:00:00"
"84";"ABERTURA CAIXA";;"0.00";"3";"0";"2018-06-29 00:00:00"
"85";"CRD";"A1A1EC3";"139.8";"3";"0";"2018-06-29 00:00:00"
"86";"CRD";"96B9FEA";"99.8";"3";"0";"2018-06-29 00:00:00"
"87";"DEB";"D31CE45";"193.9";"4";"0";"2018-06-29 00:00:00"
"88";"DIN";"5977041";"79.9";"4";"0";"2018-06-29 00:00:00"
"89";"CRD";"4077B10";"154.8";"4";"0";"2018-06-29 00:00:00"
"90";"CRD";"0062DDF";"189.8";"4";"0";"2018-06-29 00:00:00"
"91";"ABERTURA CAIXA";;"0.00";"4";"0";"2018-06-30 00:00:00"
"92";"CRD";"7CCEFB8";"153.9";"4";"0";"2018-06-30 00:00:00"
"93";"CRD";"D95AC79";"29.9";"4";"0";"2018-06-30 00:00:00"
"94";"DEB";"A08588A";"129.8";"4";"0";"2018-06-30 00:00:00"
"95";"CRD";"D7C3206";"39.9";"4";"0";"2018-06-30 00:00:00"
"96";"DIN";"2187AF0";"569.40";"4";"0";"2018-06-30 00:00:00"
"97";"CRE";"2187AF0";"0";"4";"0";"2018-06-30 00:00:00"
"98";"CRD";"816567F";"330.6";"4";"0";"2018-06-30 00:00:00"
"99";"ABERTURA CAIXA";;"0.00";"3";"0";"2018-07-02 00:00:00"
"100";"CRD";"D233688";"234.7";"3";"0";"2018-07-02 00:00:00"
"101";"CRD";"67230C5";"164.7";"3";"0";"2018-07-02 00:00:00"
"102";"DEB";"920EA37";"119.9";"3";"0";"2018-07-02 00:00:00"
"103";"CRD";"C65BA11";"873.3";"3";"0";"2018-07-02 00:00:00"
"104";"CRD";"94D7188";"139.8";"3";"0";"2018-07-02 00:00:00"
"105";"CRD";"4A5B57A";"1370.5";"3";"0";"2018-07-02 00:00:00"
"106";"DIN";"1B2AE10";"54.8";"3";"0";"2018-07-02 00:00:00"
"107";"ABERTURA CAIXA";;"2.25";"3";"0";"2018-07-03 00:00:00"
"108";"CRD";"3FE0845";"249.7";"3";"0";"2018-07-03 00:00:00"
"109";"CRD";"B787730";"129.8";"3";"0";"2018-07-03 00:00:00"
"110";"CRD";"26C2811";"32.9";"3";"0";"2018-07-03 00:00:00"
"111";"CRD";"7B88E12";"214.8";"3";"0";"2018-07-03 00:00:00"
"112";"DEB";"B42954A";"94.9";"3";"0";"2018-07-03 00:00:00"
"113";"ABERTURA CAIXA";;"2.00";"4";"0";"2018-07-04 00:00:00"
"114";"DEB";"495F84F";"508.5";"4";"0";"2018-07-04 00:00:00"
"115";"CRD";"832EECF";"275.6";"4";"0";"2018-07-04 00:00:00"
"116";"CRD";"E43CFAE";"79.8";"4";"0";"2018-07-04 00:00:00"
"117";"CRD";"9D56251";"409.6";"4";"0";"2018-07-04 00:00:00"
"118";"ABERTURA CAIXA";;"0.00";"3";"0";"2018-07-05 00:00:00"
"119";"CRD";"5CF0E6B";"289.7";"3";"0";"2018-07-05 00:00:00"
"120";"CRD";"AAE9D4E";"39.9";"3";"0";"2018-07-05 00:00:00"
"121";"EXTORNO";"9D56251";"409.6";"3";"0";"2018-07-05 00:00:00"
"122";"CRD";"6493FA9";"159.8";"3";"0";"2018-07-05 00:00:00"
"123";"ABERTURA CAIXA";;"0.00";"3";"0";"2018-07-06 00:00:00"
"124";"CRD";"AE60A56";"199.7";"3";"0";"2018-07-06 00:00:00"
"125";"CRD";"BE782A8";"192.6";"4";"0";"2018-07-06 00:00:00"
"126";"CRD";"477D9BE";"199.8";"4";"0";"2018-07-06 00:00:00"
"127";"CRD";"4BB30F3";"69.9";"4";"0";"2018-07-06 00:00:00"
"128";"CRD";"11C2062";"94.9";"4";"0";"2018-07-06 00:00:00"
"129";"CRD";"736114A";"39.9";"4";"0";"2018-07-06 00:00:00"
"130";"ABERTURA CAIXA";;"0.00";"4";"0";"2018-07-07 00:00:00"
"131";"CRD";"EEF37F9";"75";"4";"0";"2018-07-07 00:00:00"
"132";"CRD";"74B6D35";"298.8";"4";"0";"2018-07-07 00:00:00"
"133";"DIN";"8565E69";"178.80";"4";"0";"2018-07-07 00:00:00"
"134";"CRE";"8565E69";"0";"4";"0";"2018-07-07 00:00:00"
"135";"CRD";"83D5032";"647.4";"4";"0";"2018-07-07 00:00:00"
"136";"CRD";"3288A76";"284.7";"4";"0";"2018-07-07 00:00:00"
"137";"CRD";"D0A0212";"189.8";"4";"0";"2018-07-07 00:00:00"
"138";"CRD";"3D7BD66";"75";"4";"0";"2018-07-07 00:00:00"
"139";"CRD";"0E178EB";"331";"4";"0";"2018-07-07 00:00:00"
"140";"ABERTURA CAIXA";;"0.00";"3";"0";"2018-07-10 00:00:00"
"141";"CRD";"CDF4F55";"277.8";"4";"0";"2018-07-10 00:00:00"
"142";"CRD";"9EAFC22";"99";"4";"0";"2018-07-10 00:00:00"
"143";"CRD";"F9255C3";"459.7";"4";"0";"2018-07-10 00:00:00"
"144";"CRD";"2B1F5C0";"369.4";"4";"0";"2018-07-10 00:00:00"
"145";"DIN";"322F68F";"69.90";"4";"0";"2018-07-10 00:00:00"
"146";"CRE";"322F68F";"0";"4";"0";"2018-07-10 00:00:00"
"147";"CRD";"3831828";"394.3";"4";"0";"2018-07-10 00:00:00"
"148";"ABERTURA CAIXA";;"0.00";"4";"0";"2018-07-11 00:00:00"
"149";"CRD";"2F9C4D6";"353.6";"4";"0";"2018-07-11 00:00:00"
"150";"DIN";"67804A4";"159.8";"4";"0";"2018-07-11 00:00:00"
"151";"DEB";"9F51688";"24.9";"4";"0";"2018-07-11 00:00:00"
"152";"ABERTURA CAIXA";;"0.00";"3";"0";"2018-07-12 00:00:00"
"153";"DIN";"70AAE5B";"49.9";"4";"0";"2018-07-12 00:00:00"
"154";"CRD";"78E448B";"59.9";"4";"0";"2018-07-12 00:00:00"
"155";"ABERTURA CAIXA";;"0.00";"3";"0";"2018-07-13 00:00:00"
"156";"DIN";"543D5FB";"129.8";"4";"0";"2018-07-13 00:00:00"
"157";"ABERTURA CAIXA";;"29.00";"4";"0";"2018-07-14 00:00:00"
"158";"EXTORNO";"DCDBC70";"89.9";"3";"0";"2018-07-14 00:00:00"
"159";"EXTORNO";"8EC0A98";"429.5";"3";"0";"2018-07-14 00:00:00"
"160";"CRD";"82C4940";"239.7";"3";"0";"2018-07-14 00:00:00"
"161";"CRD";"622F4BD";"159.7";"3";"0";"2018-07-14 00:00:00"
"162";"DIN";"47E478E";"10";"1";"1";"2018-07-14 00:00:00"
"163";"DEB";;"200.00";"4";"321";"2018-07-14 00:00:00"
"164";"DEB";;"150.00";"4";"205";"2018-07-14 00:00:00"
"165";"DIN";"6479284";"59.90";"4";"226";"2018-07-14 00:00:00"
"166";"DEB";;"144.00";"4";"366";"2018-07-14 00:00:00"
"167";"DIN";;"120.00";"3";"393";"2018-07-14 00:00:00"
"168";"EXTORNO";"78E448B";"59.9";"3";"0";"2018-07-14 00:00:00"
"169";"EXTORNO";"6479284";"504.5";"3";"0";"2018-07-14 00:00:00"
"170";"EXTORNO";"47E478E";"39.9";"3";"0";"2018-07-14 00:00:00"
"171";"SANGRIA";;"129.00";"3";"0";"2018-07-14 00:00:00"
"172";"SANGRIA";;"89.90";"3";"0";"2018-07-14 00:00:00"
"173";"ABERTURA CAIXA";;"0.00";"4";"0";"2018-07-16 00:00:00"
"174";"DIN";;"100";"4";"336";"2018-07-16 00:00:00"
"175";"DEB";"156D985";"24.90";"4";"0";"2018-07-16 00:00:00"
"176";"CRE";;"219.20";"4";"23";"2018-07-16 00:00:00"
"177";"ABERTURA CAIXA";;"100.00";"4";"0";"2018-07-17 00:00:00"
"178";"DIN";;"120.00";"4";"256";"2018-07-17 00:00:00"
"179";"DIN";;"100.00";"3";"314";"2018-07-17 00:00:00"
"180";"SANGRIA";;"320.00";"3";"0";"2018-07-17 00:00:00"
"181";"DEB";;"159.80";"3";"431";"2018-07-17 00:00:00"
"182";"ABERTURA CAIXA";;"0.00";"4";"0";"2018-07-18 00:00:00"
"183";"CRE";;"259.60";"4";"159";"2018-07-18 00:00:00"
"184";"DIN";;"59.00";"4";"27";"2018-07-18 00:00:00"
"185";"ABERTURA CAIXA";NULL;"59.00";"4";NULL;"2018-07-19 00:00:00"
"186";"DIN";NULL;"200.00";"4";"102";"2018-07-19 00:00:00"
"187";"DIN";NULL;"50.00";"4";"432";"2018-07-19 00:00:00"
"188";"DIN";NULL;"50.00";"4";"434";"2018-07-19 00:00:00"
"189";"DIN";NULL;"200.00";"4";"51";"2018-07-19 00:00:00"
"190";"DIN";NULL;"62.00";"4";"53";"2018-07-19 00:00:00"
"191";"DIN";NULL;"38.00";"4";"51";"2018-07-19 00:00:00"
"192";"DIN";"B224DD3";"49.90";"4";NULL;"2018-07-19 00:00:00"
"193";"ABERTURA CAIXA";NULL;"710.00";"3";NULL;"2018-07-20 00:00:00"
"194";"DIN";NULL;"100.00";"3";"180";"2018-07-20 00:00:00"
"195";"DIN";NULL;"150.00";"3";"311";"2018-07-20 00:00:00"
"196";"SANGRIA";NULL;"960.00";"4";NULL;"2018-07-20 00:00:00"
"197";"DEB";NULL;"280.00";"4";"237";"2018-07-20 00:00:00"
"198";"DIN";NULL;"100.00";"4";"348";"2018-07-20 00:00:00"
"199";"DIN";NULL;"300.00";"4";"133";"2018-07-20 00:00:00"
"200";"SANGRIA";NULL;"400.00";"4";NULL;"2018-07-20 00:00:00"
"201";"ABERTURA CAIXA";NULL;"0.00";"4";NULL;"2018-07-21 00:00:00"
"202";"DIN";NULL;"500.00";"4";"274";"2018-07-21 00:00:00"
"203";"DIN";"325F8A2";"150.00";"4";NULL;"2018-07-21 00:00:00"
"204";"DIN";NULL;"100.00";"4";"298";"2018-07-21 00:00:00"
"205";"SANGRIA";NULL;"750.00";"4";NULL;"2018-07-21 00:00:00"
"206";"DIN";NULL;"100.00";"4";"305";"2018-07-21 00:00:00"
"207";"DIN";"DFAB28E";"179.80";"4";NULL;"2018-07-21 00:00:00"
"208";"SANGRIA";NULL;"179.80";"4";NULL;"2018-07-21 00:00:00"
"209";"SANGRIA";NULL;"179.80";"4";NULL;"2018-07-21 00:00:00"
"210";"ABERTURA CAIXA";NULL;"100.00";"4";NULL;"2018-07-23 00:00:00"
"211";"SANGRIA";NULL;"100.00";"4";NULL;"2018-07-23 00:00:00"
"212";"DEB";NULL;"110.00";"4";"165";"2018-07-23 00:00:00"
"213";"DEB";NULL;"100.00";"4";"296";"2018-07-23 00:00:00"
"214";"DIN";NULL;"200.00";"4";"11";"2018-07-23 00:00:00"
"215";"DIN";NULL;"120.00";"4";"260";"2018-07-23 00:00:00"
"216";"DIN";NULL;"200.00";"4";"312";"2018-07-23 00:00:00"
"217";"SANGRIA";NULL;"500.00";"4";NULL;"2018-07-23 00:00:00"
"218";"ABERTURA CAIXA";NULL;"20.00";"4";NULL;"2018-07-24 00:00:00"
"219";"DIN";NULL;"150.00";"4";"287";"2018-07-24 00:00:00"
"220";"ABERTURA CAIXA";NULL;"170.00";"3";NULL;"2018-07-25 00:00:00"
"221";"DIN";NULL;"100.00";"3";"378";"2018-07-25 00:00:00"
"222";"CRE";"2EE6F2A";"142.80";"3";"464";"2018-07-25 00:00:00"
"223";"SANGRIA";NULL;"250.00";"3";NULL;"2018-07-25 00:00:00"
"224";"ABERTURA CAIXA";NULL;"20.00";"4";NULL;"2018-07-26 00:00:00"
"225";"CRE";"9F439C6";"390.70 ";"4";"465";"2018-07-26 00:00:00"
"226";"DIN";"7AE1D03";"39.90";"4";NULL;"2018-07-26 00:00:00"
"227";"DEB";NULL;"349.40";"3";"166";"2018-07-26 00:00:00"
"228";"DIN";"3A9D409";"100.00";"4";NULL;"2018-07-26 00:00:00"
"229";"DIN";"474D7CA";"29.90";"4";NULL;"2018-07-26 00:00:00"
"230";"SANGRIA";NULL;"169.80";"4";NULL;"2018-07-26 00:00:00"
"231";"DIN";NULL;"189.80";"4";"29";"2018-07-26 00:00:00"
"232";"CRE";"74101E3";"10.00";"4";"29";"2018-07-26 00:00:00"
"233";"ABERTURA CAIXA";NULL;"220.00";"4";NULL;"2018-07-27 00:00:00"
"234";"SANGRIA";NULL;"50.00";"4";NULL;"2018-07-27 00:00:00"
"235";"SANGRIA";NULL;"70.00 ";"4";NULL;"2018-07-27 00:00:00"
"236";"SANGRIA";NULL;"50.00";"3";NULL;"2018-07-27 00:00:00"
"237";"ABERTURA CAIXA";NULL;"50.00";"4";NULL;"2018-07-28 00:00:00"
"238";"DIN";NULL;"50.00";"4";"162";"2018-07-28 00:00:00"
"239";"DIN";NULL;"54.90";"4";"449";"2018-07-28 00:00:00"
"240";"DIN";NULL;"50.00";"4";"449";"2018-07-28 00:00:00"
"241";"DIN";NULL;"50.00";"4";"298";"2018-07-28 00:00:00"
"242";"DEB";NULL;"59.90";"3";"292";"2018-07-28 00:00:00"
"243";"SANGRIA";NULL;"10.00";"4";NULL;"2018-07-28 00:00:00"
"244";"ABERTURA CAIXA";NULL;"245.00";"3";NULL;"2018-07-30 00:00:00"
"245";"SANGRIA";NULL;"245.00";"3";NULL;"2018-07-30 00:00:00"
"246";"DEB";NULL;"49.90";"3";"245";"2018-07-30 00:00:00"
"247";"ABERTURA CAIXA";NULL;"0.00";"3";NULL;"2018-07-31 00:00:00"
"248";"ABERTURA CAIXA";NULL;"0.00";"3";NULL;"2018-07-31 00:00:00"
"249";"DEB";NULL;"69.90";"3";"311";"2018-07-31 00:00:00"
"250";"DIN";NULL;"100.00";"3";"451";"2018-07-31 00:00:00"
"251";"DEB";NULL;"295.00";"3";"158";"2018-07-31 00:00:00"
"252";"DIN";"AD1FC45";"100.00";"4";NULL;"2018-07-31 00:00:00"
"253";"CRE";"3C9772D";"99.80";"3";"0";"2018-07-31 00:00:00"
"254";"CRE";"EA11B54";"99.80";"3";"108";"2018-07-31 00:00:00"
"255";"DIN";"A745DE5";"50.00";"4";NULL;"2018-07-31 00:00:00"
"256";"DIN";NULL;"150.00";"4";"94";"2018-07-31 00:00:00"
"257";"DEB";NULL;"89.90";"4";"8";"2018-07-31 00:00:00"
"258";"SANGRIA";NULL;"400.00";"4";NULL;"2018-07-31 00:00:00"
"259";"ABERTURA CAIXA";NULL;"0.00";"3";NULL;"2018-08-01 00:00:00"
"260";"ABERTURA CAIXA";NULL;"0.00";"3";NULL;"2018-08-01 00:00:00"
"261";"DIN";NULL;"100.00";"4";"310";"2018-08-01 00:00:00"
"262";"CRE";"A12A1F2";"89.90";"4";"324";"2018-08-01 00:00:00"
"263";"DEB";"A7D9A9C";"142.60";"0";NULL;"2018-08-01 00:00:00"
"264";"DEB";"D8AE7E6";"142.60";"4";NULL;"2018-08-01 00:00:00"
"265";"ABERTURA CAIXA";NULL;"100.00";"4";NULL;"2018-08-02 00:00:00"
"266";"DIN";NULL;"47.90";"4";"87";"2018-08-02 00:00:00"
"267";"DEB";NULL;"150.00";"3";"182";"2018-08-02 00:00:00"
"268";"DEB";NULL;"130.00";"3";"165";"2018-08-02 00:00:00"
"269";"DIN";NULL;"250.00 ";"4";"274";"2018-08-02 00:00:00"
"270";"DIN";NULL;"70.00";"4";"106";"2018-08-02 00:00:00"
"271";"DIN";NULL;"250.00";"4";"164";"2018-08-02 00:00:00"
"272";"DIN";NULL;"80.00";"4";"349";"2018-08-02 00:00:00"
"273";"SANGRIA";NULL;"797.90";"4";NULL;"2018-08-02 00:00:00"
"274";"ABERTURA CAIXA";NULL;"0.00";"4";NULL;"2018-08-03 00:00:00"
"275";"ABERTURA CAIXA";NULL;"0.00";"4";NULL;"2018-08-04 00:00:00"
"276";"DIN";NULL;"150.00";"4";"415";"2018-08-04 00:00:00"
"277";"CRE";"8C1A488";"85.00";"4";"468";"2018-08-04 00:00:00"
"278";"DIN";NULL;"50.00";"4";"304";"2018-08-04 00:00:00"
"279";"DIN";NULL;"34.00";"4";"304";"2018-08-04 00:00:00"
"280";"DIN";NULL;"200.00";"4";"304";"2018-08-04 00:00:00"
"281";"DIN";NULL;"100.00";"3";"95";"2018-08-04 00:00:00"
"282";"SANGRIA";NULL;"534.00";"3";NULL;"2018-08-04 00:00:00"
"283";"ABERTURA CAIXA";NULL;"0.00";"3";NULL;"2018-08-05 00:00:00"
"284";"DEB";"AFB8503";"49.90";"3";NULL;"2018-08-05 00:00:00"
"285";"ABERTURA CAIXA";NULL;"0.00";"3";NULL;"2018-08-06 00:00:00"
"286";"DIN";NULL;"100.00";"3";"463";"2018-08-06 00:00:00"
"287";"DIN";NULL;"100.00";"3";"281";"2018-08-06 00:00:00"
"288";"DEB";NULL;"200.00";"3";"460";"2018-08-06 00:00:00"
"289";"DEB";NULL;"69.90";"3";"87";"2018-08-06 00:00:00"
"290";"SANGRIA";NULL;"200.00";"4";NULL;"2018-08-06 00:00:00"
"291";"ABERTURA CAIXA";NULL;"0.00";"3";NULL;"2018-08-07 00:00:00"
"292";"DIN";NULL;"200.00";"3";"272";"2018-08-07 00:00:00"
"293";"DEB";NULL;"79.90";"3";"256";"2018-08-07 00:00:00"
"294";"SANGRIA";NULL;"100.00";"4";NULL;"2018-08-07 00:00:00"
"295";"DIN";"C17AA04";"100.00";"4";"194";"2018-08-07 00:00:00"
"296";"DEB";"01E8B1E";"119.90";"3";"394";"2018-08-07 00:00:00"
"297";"SANGRIA";NULL;"200.00";"3";NULL;"2018-08-07 00:00:00"
"298";"DIN";NULL;"120.00";"4";"225";"2018-08-07 00:00:00"
"299";"DIN";NULL;"100.00";"4";"234";"2018-08-07 00:00:00"
"300";"DIN";NULL;"72.00";"4";"226";"2018-08-07 00:00:00"
"301";"SANGRIA";NULL;"270.00";"4";NULL;"2018-08-07 00:00:00"
"302";"ABERTURA CAIXA";NULL;"22.00";"3";NULL;"2018-08-08 00:00:00"
"303";"ABERTURA CAIXA";NULL;"22.00";"3";NULL;"2018-08-08 00:00:00"
"304";"DIN";NULL;"69.90";"3";"242";"2018-08-08 00:00:00"
"305";"DIN";NULL;"150";"3";"31";"2018-08-08 00:00:00"
"306";"DIN";NULL;"40.00";"3";"466";"2018-08-08 00:00:00"
"307";"SANGRIA";NULL;"303.90";"3";NULL;"2018-08-08 00:00:00"
"308";"DIN";NULL;"179.80";"4";"372";"2018-08-08 00:00:00"
"309";"DIN";NULL;"139.80";"4";"147";"2018-08-08 00:00:00"
"310";"DIN";NULL;"100.00";"4";"462";"2018-08-08 00:00:00"
"311";"DIN";"3D41C11";"100.00";"4";"462";"2018-08-08 00:00:00"
"312";"DIN";NULL;"250.00";"4";"11";"2018-08-08 00:00:00"
"313";"CRE";NULL;"248.10";"4";"102";"2018-08-08 00:00:00"
"314";"SANGRIA";NULL;"300.00";"4";NULL;"2018-08-08 00:00:00"
"315";"ABERTURA CAIXA";NULL;"80.00";"3";NULL;"2018-08-09 00:00:00"
"316";"EXTORNO";"BB6ECCF";"379.5";"3";NULL;"2018-08-09 00:00:00"
"317";"DIN";NULL;"200.00";"3";"313";"2018-08-09 00:00:00"
"318";"DEB";NULL;"300.00";"3";"165";"2018-08-09 00:00:00"
"319";"DEB";NULL;"89.90";"3";"348";"2018-08-09 00:00:00"
"320";"DIN";NULL;"250.00";"3";"348";"2018-08-09 00:00:00"
"321";"DIN";NULL;"100.00";"4";"315";"2018-08-09 00:00:00"
"322";"DEB";"FA19609";"32.90";"3";"408";"2018-08-09 00:00:00"
"323";"SANGRIA";NULL;"630.00";"3";NULL;"2018-08-09 00:00:00"
"324";"DIN";NULL;"150.00";"4";"129";"2018-08-09 00:00:00"
"325";"DEB";NULL;"164.60";"4";"346";"2018-08-09 00:00:00"
"326";"DEB";NULL;"202.40";"3";"49";"2018-08-09 00:00:00"
"327";"DIN";NULL;"100.00";"3";"366";"2018-08-09 00:00:00"
"328";"DIN";NULL;"100.00";"4";"224";"2018-08-09 00:00:00"
"329";"DIN";NULL;"150.00";"4";"319";"2018-08-09 00:00:00"
"330";"DEB";NULL;"92.10";"4";"113";"2018-08-09 00:00:00"
"331";"DIN";NULL;"150.00";"4";"320";"2018-08-09 00:00:00"
"332";"DIN";NULL;"150.00";"4";"407";"2018-08-09 00:00:00"
"333";"ABERTURA CAIXA";NULL;"700.00";"3";NULL;"2018-08-10 00:00:00"
"334";"DEB";NULL;"200.00";"3";"165";"2018-08-10 00:00:00"
"335";"DIN";NULL;"200.00";"3";"311";"2018-08-10 00:00:00"
"336";"DIN";NULL;"60.00";"3";"396";"2018-08-10 00:00:00"
"337";"DIN";NULL;"200.00";"3";"264";"2018-08-10 00:00:00"
"338";"DIN";NULL;"200.00";"3";"337";"2018-08-10 00:00:00"
"339";"DIN";NULL;"39.90";"3";"352";"2018-08-10 00:00:00"
"340";"DIN";NULL;"50.00";"3";"104";"2018-08-10 00:00:00"
"341";"DIN";"4671780";"250.00";"3";"198";"2018-08-10 00:00:00"
"342";"DIN";NULL;"82.00";"3";"457";"2018-08-10 00:00:00"
"343";"SANGRIA";NULL;"1781.90";"3";NULL;"2018-08-10 00:00:00"
"344";"DIN";NULL;"288.90";"4";"133";"2018-08-10 00:00:00"
"345";"DIN";NULL;"42.00";"3";"127";"2018-08-10 00:00:00"
"346";"SANGRIA";NULL;"330.90";"4";NULL;"2018-08-10 00:00:00"
"347";"ABERTURA CAIXA";NULL;"0.00";"4";NULL;"2018-08-11 00:00:00"
"348";"ABERTURA CAIXA";NULL;"0.00";"4";NULL;"2018-08-11 00:00:00"
"349";"DIN";NULL;"39.90";"4";"444";"2018-08-11 00:00:00"
"350";"DIN";NULL;"29.80";"4";"451";"2018-08-11 00:00:00"
"351";"DEB";NULL;"70.00";"4";"114";"2018-08-11 00:00:00"
"352";"DEB";NULL;"100.00";"3";"296";"2018-08-11 00:00:00"
"353";"DEB";"A069C0E";"100.00";"3";"130";"2018-08-11 00:00:00"
"354";"DEB";"B5F25F9";"89.90";"4";"473";"2018-08-11 00:00:00"
"355";"DEB";NULL;"30.00";"3";"187";"2018-08-11 00:00:00"
"356";"DIN";"536FBA1";"36.00";"3";"292";"2018-08-11 00:00:00"
"357";"CRE";"DA159FE";"184.80";"4";"44";"2018-08-11 00:00:00"
"358";"DIN";NULL;"100.00";"3";"191";"2018-08-11 00:00:00"
"359";"DIN";NULL;"100.00";"3";"80";"2018-08-11 00:00:00"
"360";"DIN";NULL;"90.00";"3";"455";"2018-08-11 00:00:00"
"361";"DIN";NULL;"100.00";"4";"390";"2018-08-11 00:00:00"
"362";"DIN";NULL;"150.00";"4";"152";"2018-08-11 00:00:00"
"363";"DIN";NULL;"100.00";"4";"153";"2018-08-11 00:00:00"
"364";"SANGRIA";NULL;"745.70";"4";NULL;"2018-08-11 00:00:00"
"365";"DIN";NULL;"100.00";"4";"94";"2018-08-11 00:00:00"
"366";"CRE";"D09257A";"159.80";"0";"0";"2018-08-11 00:00:00"
"367";"CRE";"9F04F97";"159.80";"4";"108";"2018-08-11 00:00:00"
"368";"DIN";NULL;"80.00";"4";"148";"2018-08-11 00:00:00"
"369";"DIN";NULL;"244.20";"4";"467";"2018-08-11 00:00:00"
"370";"SANGRIA";NULL;"424.20 ";"4";NULL;"2018-08-11 00:00:00"
"371";"DIN";"91966C8";"105.00";"3";"474";"2018-08-11 00:00:00"
"372";"DIN";"FC79CC8";"39.90";"3";"475";"2018-08-11 00:00:00"
"373";"SANGRIA";NULL;"144.90";"3";NULL;"2018-08-11 00:00:00"
"374";"ABERTURA CAIXA";NULL;"0.00";"3";NULL;"2018-08-13 00:00:00"
"375";"DIN";NULL;"200.00";"4";"170";"2018-08-13 00:00:00"
"376";"ABERTURA CAIXA";NULL;"0.00";"3";NULL;"2018-08-14 00:00:00"
"377";"ABERTURA CAIXA";NULL;"0.00";"3";NULL;"2018-08-14 00:00:00"
"378";"ABERTURA CAIXA";NULL;"0.00";"3";NULL;"2018-08-14 00:00:00"
"379";"ABERTURA CAIXA";NULL;"0.00";"3";NULL;"2018-08-14 00:00:00"
"380";"CRE";"6BC719E";"89.90";"4";"476";"2018-08-14 00:00:00"
"381";"ABERTURA CAIXA";NULL;"0.00";"3";NULL;"2018-08-15 00:00:00"
"382";"DIN";NULL;"290.00";"3";"285";"2018-08-15 00:00:00"
"383";"DIN";NULL;"100.00";"3";"6";"2018-08-15 00:00:00"
"384";"DIN";"A5ABED3";"49.90";"3";"476";"2018-08-15 00:00:00"
"385";"SANGRIA";NULL;"439.90";"3";NULL;"2018-08-15 00:00:00"
"386";"DIN";NULL;"100.00";"4";"85";"2018-08-15 00:00:00"
"387";"DIN";NULL;"60.00";"3";"178";"2018-08-15 00:00:00"
"388";"DIN";NULL;"100.00";"3";"183";"2018-08-15 00:00:00"
"389";"SANGRIA";NULL;"260.00";"3";NULL;"2018-08-15 00:00:00"
"390";"SANGRIA";NULL;"260.00";"3";NULL;"2018-08-15 00:00:00"
"391";"ABERTURA CAIXA";NULL;"0.00";"3";NULL;"2018-08-20 00:00:00"
"392";"DEB";NULL;"265.40";"4";"124";"2018-08-20 00:00:00"
"393";"ABERTURA CAIXA";NULL;"0.00";"3";NULL;"2018-08-21 00:00:00"
"394";"DIN";NULL;"49.00";"3";"299";"2018-08-21 00:00:00"
"395";"DIN";NULL;"61.40";"3";"101";"2018-08-21 00:00:00"
"396";"DEB";NULL;"406.00";"3";"380";"2018-08-21 00:00:00"
"397";"DIN";NULL;"200.00";"3";"82";"2018-08-21 00:00:00"
"398";"DIN";NULL;"100.00";"4";"412";"2018-08-21 00:00:00"
"399";"SANGRIA";NULL;" 410.40";"4";NULL;"2018-08-21 00:00:00"
"400";"ABERTURA CAIXA";NULL;"0.00";"3";NULL;"2018-08-22 00:00:00"
"401";"ABERTURA CAIXA";NULL;"0.00";"4";NULL;"2018-08-23 00:00:00"
"402";"ABERTURA CAIXA";NULL;"0.00";"4";NULL;"2018-08-16 00:00:00"
"403";"DIN";NULL;"100.00";"4";"256";"2018-08-16 00:00:00"
"404";"DIN";NULL;"100.00";"4";"310";"2018-08-23 00:00:00"
"405";"DEB";NULL;"150.00";"3";"181";"2018-08-16 00:00:00"
"406";"DEB";"0CD1527";"149.80";"3";"307";"2018-08-16 00:00:00"
"407";"ABERTURA CAIXA";NULL;"0.00";"4";NULL;"2018-08-24 00:00:00"
"408";"ABERTURA CAIXA";NULL;"0.00";"3";NULL;"2018-08-17 00:00:00"
"409";"DIN";NULL;"100.00";"3";"305";"2018-08-17 00:00:00"
"410";"DEB";NULL;"150.00";"3";"313";"2018-08-17 00:00:00"
"411";"DIN";NULL;"150.00";"3";"393";"2018-08-17 00:00:00"
"412";"DIN";NULL;"185.60";"3";"92";"2018-08-17 00:00:00"
"413";"DIN";NULL;"200.00";"3";"30";"2018-08-17 00:00:00"
"414";"DEB";NULL;"239.60";"3";"345";"2018-08-17 00:00:00"
"415";"ABERTURA CAIXA";NULL;"0.00";"3";NULL;"2018-08-18 00:00:00"
"416";"DIN";NULL;"100.00";"3";"341";"2018-08-18 00:00:00"
"417";"DIN";NULL;"100.00";"3";"340";"2018-08-18 00:00:00"
"418";"DIN";NULL;"60.00";"3";"8";"2018-08-18 00:00:00"
"419";"DIN";NULL;"169.80";"3";"46";"2018-08-18 00:00:00"
"420";"DEB";"E55E8A9";"50.00";"3";"439";"2018-08-18 00:00:00"
"421";"ABERTURA CAIXA";NULL;"0.00";"3";NULL;"2018-03-20 00:00:00"
"422";"ABERTURA CAIXA";NULL;"0.00";"3";NULL;"2018-03-20 00:00:00"
"423";"DIN";NULL;"89.90";"3";"341";"2018-08-24 00:00:00"
"424";"DIN";NULL;"69.90";"3";"51";"2018-08-24 00:00:00"
"425";"DIN";NULL;"39.90";"3";"160";"2018-08-24 00:00:00"
"426";"ABERTURA CAIXA";NULL;"0.00";"3";NULL;"2018-03-27 00:00:00"
"427";"ABERTURA CAIXA";NULL;"0.00";"3";NULL;"2018-03-27 00:00:00"
"428";"DEB";NULL;"100.00";"3";"111";"2018-08-24 00:00:00"
"429";"SANGRIA";NULL;"199.70";"4";NULL;"2018-08-24 00:00:00"
"430";"ABERTURA CAIXA";NULL;"0.00";"4";NULL;"2018-08-25 00:00:00"
"431";"ABERTURA CAIXA";NULL;"0.00";"3";NULL;"2018-08-27 00:00:00"
"432";"DIN";NULL;"100.00";"3";"378";"2018-08-27 00:00:00"
"433";"DIN";NULL;"100.00";"3";"226";"2018-08-27 00:00:00"
"434";"DIN";NULL;"54.90";"3";"226";"2018-08-27 00:00:00"
"435";"DIN";NULL;"170.00";"4";"194";"2018-08-27 00:00:00"
"436";"DIN";NULL;"50.00";"4";"354";"2018-08-27 00:00:00"
"437";"SANGRIA";NULL;"474.90";"4";NULL;"2018-08-27 00:00:00"
"438";"ABERTURA CAIXA";NULL;"0.00";"4";NULL;"2018-08-28 00:00:00"
"439";"DIN";NULL;"39.90";"4";"198";"2018-08-28 00:00:00"
"440";"DIN";NULL;"70.00";"4";"237";"2018-08-28 00:00:00"
"441";"DEB";NULL;"22.80";"4";"396";"2018-08-28 00:00:00"
"442";"DIN";NULL;"125.00";"4";"335";"2018-08-28 00:00:00"
"443";"SANGRIA";NULL;"234.90";"4";NULL;"2018-08-28 00:00:00"
"444";"ABERTURA CAIXA";NULL;"0.00";"3";NULL;"2018-08-29 00:00:00"
"445";"DIN";NULL;"350.00";"3";"11";"2018-08-29 00:00:00"
"446";"DEB";"BBFBF67";"132.00";"3";"465";"2018-08-29 00:00:00"
"447";"DIN";NULL;"89.90";"3";"451";"2018-08-29 00:00:00"
"448";"DIN";NULL;"344.70";"3";"164";"2018-08-29 00:00:00"
"449";"DIN";NULL;"100.00";"4";"463";"2018-08-29 00:00:00"
"450";"DIN";"3BE2DDA";"50.00";"3";"280";"2018-08-29 00:00:00"
"451";"SANGRIA";NULL;"934.60";"3";NULL;"2018-08-29 00:00:00"
"452";"ABERTURA CAIXA";NULL;"0.00";"3";NULL;"2018-08-30 00:00:00"
"453";"ABERTURA CAIXA";NULL;"0.00";"3";NULL;"2018-08-31 00:00:00"
"454";"CRE";"10A2FAF";"229.70";"4";"481";"2018-08-31 00:00:00"
"455";"ABERTURA CAIXA";NULL;"0.00";"4";NULL;"2018-09-01 00:00:00"
"456";"DIN";NULL;"165.00";"4";"86";"2018-09-01 00:00:00"
"457";"DIN";NULL;"50.00";"4";"345";"2018-09-01 00:00:00"
"458";"DIN";"5CCF9B4";"30.00";"4";"86";"2018-09-01 00:00:00"
"459";"SANGRIA";NULL;"254.00";"4";NULL;"2018-09-01 00:00:00"
"460";"ABERTURA CAIXA";NULL;"0.00";"3";NULL;"2018-09-03 00:00:00"
"461";"DIN";NULL;"150.00";"4";"470";"2018-09-03 00:00:00"
"462";"DEB";NULL;"300.00";"3";"6";"2018-09-03 00:00:00"
"463";"DEB";NULL;"130.00";"3";"449";"2018-09-03 00:00:00"
"464";"DEB";NULL;"70.00";"3";"111";"2018-09-03 00:00:00"
"465";"ABERTURA CAIXA";NULL;"350.00";"4";NULL;"2018-09-04 00:00:00"
"466";"DIN";"55B6285";"159.60";"4";"483";"2018-09-04 00:00:00"
"467";"DIN";NULL;"120.00";"4";"316";"2018-09-04 00:00:00"
"468";"DIN";NULL;"459.40";"4";"125";"2018-09-04 00:00:00"
"469";"DEB";NULL;"300.00";"4";"348";"2018-09-04 00:00:00"
"470";"SANGRIA";NULL;"1089.00";"4";NULL;"2018-09-04 00:00:00"
"471";"ABERTURA CAIXA";NULL;"0.00";"3";NULL;"2018-09-05 00:00:00"
"472";"DIN";"CB7A007";"380.00";"4";"484";"2018-09-05 00:00:00"
"473";"SANGRIA";NULL;"380.00";"4";NULL;"2018-09-05 00:00:00"
"474";"DIN";NULL;"43.00";"3";"191";"2018-09-05 00:00:00"
"475";"SANGRIA";NULL;"43.00";"3";NULL;"2018-09-05 00:00:00"
"476";"ABERTURA CAIXA";NULL;"0.00";"3";NULL;"2018-09-06 00:00:00"
"477";"DIN";"3D967F2";"109.80";"3";"485";"2018-09-06 00:00:00"
"478";"DEB";NULL;"150.00";"3";"33";"2018-09-06 00:00:00"
"479";"SANGRIA";NULL;"109.80";"4";NULL;"2018-09-06 00:00:00"
"480";"ABERTURA CAIXA";NULL;"0.00";"4";NULL;"2018-09-08 00:00:00"
"481";"DIN";NULL;"100.00";"4";"287";"2018-09-08 00:00:00"
"482";"DIN";NULL;"100.00";"4";"298";"2018-09-08 00:00:00"
"483";"DIN";NULL;"209.60";"4";"291";"2018-09-08 00:00:00"
"484";"DEB";NULL;"350.00";"4";"472";"2018-09-08 00:00:00"
"485";"DIN";NULL;"200.00";"4";"467";"2018-09-08 00:00:00"
"486";"DIN";NULL;"200.00";"4";"164";"2018-09-08 00:00:00"
"487";"SANGRIA";NULL;"809.60";"4";NULL;"2018-09-08 00:00:00"
"488";"DIN";"26F6BC5";"50.00";"4";"130";"2018-09-08 00:00:00"
"489";"DIN";"DD682F9";"50.00";"4";"130";"2018-09-08 00:00:00"
"490";"DIN";NULL;"100.00";"4";"160";"2018-09-08 00:00:00"
"491";"DIN";NULL;"39.90";"4";"113";"2018-09-08 00:00:00"
"492";"DIN";NULL;"100.00";"4";"234";"2018-09-08 00:00:00"
"493";"DIN";NULL;"150.00";"4";"260";"2018-09-08 00:00:00"
"494";"SANGRIA";NULL;"489.90";"4";NULL;"2018-09-08 00:00:00"
"495";"ABERTURA CAIXA";NULL;"0.00";"3";NULL;"2018-09-10 00:00:00"
"496";"DIN";NULL;"100.00";"3";"175";"2018-09-10 00:00:00"
"497";"DEB";NULL;"200.00";"3";"415";"2018-09-10 00:00:00"
"498";"DEB";NULL;"149.40";"3";"296";"2018-09-10 00:00:00"
"499";"DIN";NULL;"150.00";"3";"49";"2018-09-10 00:00:00"
"500";"DIN";NULL;"90.00";"3";"455";"2018-09-10 00:00:00"
"501";"DEB";NULL;"200.00";"4";"460";"2018-09-10 00:00:00"
"502";"DIN";NULL;"100.00";"4";"272";"2018-09-10 00:00:00"
"503";"DIN";NULL;"156.00";"4";"163";"2018-09-10 00:00:00"
"504";"DIN";NULL;"69.90";"4";"372";"2018-09-10 00:00:00"
"505";"DEB";"D028893";"159.60";"4";"487";"2018-09-10 00:00:00"
"506";"SANGRIA";NULL;"R$ 665.90";"4";NULL;"2018-09-10 00:00:00"
"507";"SANGRIA";NULL;" 665.90";"4";NULL;"2018-09-10 00:00:00"
"508";"DIN";NULL;"134.70";"3";"95";"2018-09-10 00:00:00"
"509";"ABERTURA CAIXA";NULL;"0.00";"3";NULL;"2018-09-11 00:00:00"
"510";"ABERTURA CAIXA";NULL;"0.00";"3";NULL;"2018-09-11 00:00:00"
"511";"ABERTURA CAIXA";NULL;"0.00";"3";NULL;"2018-09-11 00:00:00"
"512";"ABERTURA CAIXA";NULL;"0.00";"3";NULL;"2018-09-11 00:00:00"
"513";"DIN";NULL;"24.80";"3";"300";"2018-09-11 00:00:00"
"514";"DIN";NULL;"250.00";"3";"429";"2018-09-11 00:00:00"
"515";"DIN";NULL;"200.00";"3";"138";"2018-09-11 00:00:00"
"516";"CRE";NULL;"358.40";"3";"5";"2018-09-11 00:00:00"
"517";"DIN";NULL;"80.00";"3";"457";"2018-09-11 00:00:00"
"518";"DIN";NULL;"200.00";"4";"105";"2018-09-11 00:00:00"
"519";"ABERTURA CAIXA";NULL;"754.80";"4";NULL;"2018-09-12 00:00:00"
"520";"DIN";NULL;"50.00";"4";"162";"2018-09-12 00:00:00"
"521";"DIN";NULL;"50.00";"4";"162";"2018-09-12 00:00:00"
"522";"DIN";NULL;"120.00";"4";"315";"2018-09-12 00:00:00"
"523";"DIN";NULL;"100.00";"4";"311";"2018-09-12 00:00:00"
"524";"DIN";NULL;"150.00";"4";"133";"2018-09-12 00:00:00"
"525";"DEB";NULL;"100.00";"4";"299";"2018-09-12 00:00:00"
"526";"DEB";NULL;"100.00";"4";"300";"2018-09-12 00:00:00"
"527";"DEB";NULL;"99.80";"4";"197";"2018-09-12 00:00:00"
"528";"DEB";NULL;"100.00";"4";"366";"2018-09-12 00:00:00"
"529";"DIN";"985C2A9";"200.00";"4";"488";"2018-09-12 00:00:00"
"530";"DEB";NULL;"200.00";"4";"11";"2018-09-12 00:00:00"
"531";"SANGRIA";NULL;"1424.80";"4";NULL;"2018-09-12 00:00:00"
"532";"SANGRIA";NULL;"1424.80";"4";NULL;"2018-09-12 00:00:00"
"533";"ABERTURA CAIXA";NULL;"0.00";"4";NULL;"2018-09-13 00:00:00"
"534";"ABERTURA CAIXA";NULL;"0.00";"4";NULL;"2018-09-14 00:00:00"
"535";"ABERTURA CAIXA";NULL;"0.00";"4";NULL;"2018-09-14 00:00:00"
"536";"ABERTURA CAIXA";NULL;"0.00";"4";NULL;"2018-09-14 00:00:00"
"537";"DEB";NULL;"129.80";"4";"23";"2018-09-14 00:00:00"
"538";"DEB";NULL;"500.00";"4";"165";"2018-09-14 00:00:00"
"539";"DEB";NULL;"150.00";"4";"181";"2018-09-14 00:00:00"
"540";"ABERTURA CAIXA";NULL;"0.00";"4";NULL;"2018-09-15 00:00:00"
"541";"DIN";NULL;"101.00";"4";"341";"2018-09-15 00:00:00"
"542";"ABERTURA CAIXA";NULL;"0.00";"3";NULL;"2018-09-17 00:00:00"
"543";"DEB";NULL;"200.00";"3";"166";"2018-09-17 00:00:00"
"544";"DIN";NULL;"100.00";"3";"314";"2018-09-17 00:00:00"
"545";"DIN";NULL;"370.00";"3";"224";"2018-09-17 00:00:00"
"546";"DIN";NULL;"120.00";"4";"205";"2018-09-17 00:00:00"
"547";"DIN";NULL;"100.00";"4";"477";"2018-09-17 00:00:00"
"548";"DEB";"9415BA3";"95.00";"4";"394";"2018-09-17 00:00:00"
"549";"SANGRIA";NULL;"470.00";"4";NULL;"2018-09-17 00:00:00"
"550";"ABERTURA CAIXA";NULL;"220.00";"3";NULL;"2018-09-18 00:00:00"
"551";"DIN";NULL;"100.00";"3";"182";"2018-09-18 00:00:00"
"552";"DEB";NULL;"225.70";"3";"348";"2018-09-18 00:00:00"
"553";"DIN";NULL;"150.00";"4";"129";"2018-09-18 00:00:00"
"554";"SANGRIA";NULL;"470.00";"4";NULL;"2018-09-18 00:00:00"
"555";"ABERTURA CAIXA";NULL;"0.00";"3";NULL;"2018-09-19 00:00:00"
"556";"ABERTURA CAIXA";NULL;"0.00";"3";NULL;"2018-09-19 00:00:00"
"557";"ABERTURA CAIXA";NULL;"0.00";"3";NULL;"2018-09-19 00:00:00"
"558";"DIN";NULL;"100.00";"3";"305";"2018-09-19 00:00:00"
"559";"DIN";NULL;"100.00";"3";"180";"2018-09-19 00:00:00"
"560";"DIN";NULL;"150.00";"3";"201";"2018-09-19 00:00:00"
"561";"DEB";NULL;"200.00";"4";"319";"2018-09-19 00:00:00"
"562";"DIN";NULL;"1000.00";"4";"304";"2018-09-19 00:00:00"
"563";"SANGRIA";NULL;"1350.00";"4";NULL;"2018-09-19 00:00:00"
"564";"ABERTURA CAIXA";NULL;"0.00";"3";NULL;"2018-09-20 00:00:00"
"565";"DIN";NULL;"200.00";"3";"87";"2018-09-20 00:00:00"
"566";"SANGRIA";NULL;"200.00";"3";NULL;"2018-09-20 00:00:00"
"567";"ABERTURA CAIXA";NULL;"0.00";"4";NULL;"2018-09-21 00:00:00"
"568";"DIN";NULL;"100.00";"4";"256";"2018-09-21 00:00:00"
"569";"DIN";NULL;"50.00";"4";"378";"2018-09-21 00:00:00"
"570";"DIN";NULL;"100.00";"4";"288";"2018-09-21 00:00:00"
"571";"DEB";NULL;"200.00";"4";"82";"2018-09-21 00:00:00"
"572";"DIN";NULL;"9.90";"3";"349";"2018-09-21 00:00:00"
"573";"DIN";NULL;"39.90";"3";"222";"2018-09-21 00:00:00"
"574";"DIN";NULL;"100.00";"3";"281";"2018-09-21 00:00:00"
"575";"DEB";NULL;"270.00";"3";"164";"2018-09-21 00:00:00"
"576";"DEB";NULL;"39.60";"3";"300";"2018-09-21 00:00:00"
"577";"DEB";NULL;"39.90";"3";"396";"2018-09-21 00:00:00"
"578";"DIN";NULL;"99.70";"4";"303";"2018-09-21 00:00:00"
"579";"DIN";NULL;"100.00";"4";"170";"2018-09-21 00:00:00"
"580";"DIN";NULL;"150.00";"4";"349";"2018-09-21 00:00:00"
"581";"DIN";NULL;"25.00";"3";"197";"2018-09-21 00:00:00"
"582";"DIN";NULL;"49.90";"3";"320";"2018-09-21 00:00:00"
"583";"DEB";NULL;"170.00";"3";"320";"2018-09-21 00:00:00"
"584";"DIN";NULL;"150.00";"3";"407";"2018-09-21 00:00:00"
"585";"SANGRIA";NULL;"974.40";"3";NULL;"2018-09-21 00:00:00"
"586";"ABERTURA CAIXA";NULL;"0.00";"4";NULL;"2018-09-22 00:00:00"
"587";"ABERTURA CAIXA";NULL;"0.00";"4";NULL;"2018-09-22 00:00:00"
"588";"DIN";NULL;"150.00";"4";"462";"2018-09-22 00:00:00"
"589";"SANGRIA";NULL;"150.00";"4";NULL;"2018-09-22 00:00:00"
"590";"ABERTURA CAIXA";NULL;"0.00";"4";NULL;"2018-09-24 00:00:00"
"591";"DIN";NULL;"100.00";"4";"226";"2018-09-24 00:00:00"
"592";"DIN";NULL;"100.00";"4";"194";"2018-09-24 00:00:00"
"593";"DIN";NULL;"100.00";"4";"341";"2018-09-24 00:00:00"
"594";"DIN";NULL;"100.00";"4";"412";"2018-09-24 00:00:00"
"595";"DIN";NULL;"100.00";"4";"463";"2018-09-24 00:00:00"
"596";"SANGRIA";NULL;"500.00";"3";NULL;"2018-09-24 00:00:00"
"597";"ABERTURA CAIXA";NULL;"0.00";"3";NULL;"2018-09-25 00:00:00"
"598";"DIN";NULL;"42.00";"3";"197";"2018-09-25 00:00:00"
"599";"DIN";NULL;"25.00";"3";"191";"2018-09-25 00:00:00"
"600";"DIN";NULL;"200.00";"3";"312";"2018-09-25 00:00:00"
"601";"DIN";NULL;"150.00";"3";"152";"2018-09-25 00:00:00"
"602";"DIN";NULL;"100.00";"4";"21";"2018-09-25 00:00:00"
"603";"SANGRIA";NULL;"517.00";"4";NULL;"2018-09-25 00:00:00"
"604";"ABERTURA CAIXA";NULL;"0.00";"4";NULL;"2018-09-26 00:00:00"
"605";"CRE";"AED22B8";"89.90";"4";"489";"2018-09-26 00:00:00"
"606";"ABERTURA CAIXA";NULL;"0.00";"4";NULL;"2018-09-27 00:00:00"
"607";"DIN";NULL;"100.00";"3";"148";"2018-09-27 00:00:00"
"608";"DIN";NULL;"100.00";"3";"310";"2018-09-27 00:00:00"
"609";"SANGRIA";NULL;"200.00";"4";NULL;"2018-09-27 00:00:00"
"610";"DIN";NULL;"16.90";"3";"354";"2018-09-27 00:00:00"
"611";"DIN";NULL;"200.00";"4";"128";"2018-09-27 00:00:00"
"612";"ABERTURA CAIXA";NULL;"0.00";"4";NULL;"2018-09-28 00:00:00"
"613";"ABERTURA CAIXA";NULL;"0.00";"4";NULL;"2018-09-29 00:00:00"
"614";"ABERTURA CAIXA";NULL;"0.00";"3";NULL;"2018-10-02 00:00:00"
"615";"DIN";NULL;"30.00";"4";"451";"2018-10-02 00:00:00"
"616";"ABERTURA CAIXA";NULL;"0.00";"3";NULL;"2018-10-03 00:00:00"
"617";"DEB";NULL;"52.90";"4";"320";"2018-10-03 00:00:00"
"618";"DIN";NULL;"81.00";"4";"287";"2018-10-03 00:00:00"
"619";"DIN";NULL;"92.40";"4";"311";"2018-10-03 00:00:00"
"620";"DIN";NULL;"80.00";"4";"111";"2018-10-03 00:00:00"
"621";"EXTORNO";"B7CFF36";"80";"3";NULL;"2018-10-03 00:00:00"
"622";"EXTORNO";"357CDDF";"80";"3";NULL;"2018-10-03 00:00:00"
"623";"DIN";NULL;"109.00";"3";"347";"2018-10-03 00:00:00"
"624";"SANGRIA";NULL;"30.00";"3";NULL;"2018-10-02 00:00:00"
"625";"SANGRIA";NULL;"362.40";"3";NULL;"2018-10-03 00:00:00"
"626";"ABERTURA CAIXA";NULL;"0.00";"3";NULL;"2018-10-04 00:00:00"
"627";"ABERTURA CAIXA";NULL;"0.00";"3";NULL;"2018-10-04 00:00:00"
"628";"DEB";NULL;"120.00";"3";"106";"2018-10-04 00:00:00"
"629";"DIN";NULL;"63.00";"3";"354";"2018-10-04 00:00:00"
"630";"DEB";NULL;"120";"4";"106";"2018-10-04 00:00:00"
"631";"ABERTURA CAIXA";NULL;"0.00";"3";NULL;"2018-10-05 00:00:00"
"632";"DEB";NULL;"36.90";"3";"479";"2018-10-05 00:00:00"
"633";"DIN";NULL;"150.00";"3";"87";"2018-10-05 00:00:00"
"634";"DIN";NULL;"150.00";"3";"129";"2018-10-05 00:00:00"
"635";"EXTORNO";"546E5F0";"77.8";"3";NULL;"2018-10-05 00:00:00"
"636";"DIN";NULL;"111.60";"3";"205";"2018-10-05 00:00:00"
"637";"SANGRIA";NULL;"400.00";"4";NULL;"2018-10-05 00:00:00"
"638";"DEB";NULL;"200.00";"3";"33";"2018-10-05 00:00:00"
"639";"DEB";NULL;"145.60";"3";"346";"2018-10-05 00:00:00"
"640";"SANGRIA";NULL;"11.60";"3";NULL;"2018-10-05 00:00:00"
"641";"SANGRIA";NULL;"11.60";"3";NULL;"2018-10-05 00:00:00"
"642";"ABERTURA CAIXA";NULL;"0.00";"4";NULL;"2018-10-06 00:00:00"
"643";"DIN";NULL;"179.30";"4";"94";"2018-10-06 00:00:00"
"644";"DEB";NULL;"30.00";"3";"472";"2018-10-06 00:00:00"
"645";"ABERTURA CAIXA";NULL;"0.00";"3";NULL;"2018-10-08 00:00:00"
